,filename,num_scratch,grade,average,0,1,2,3,4,5,6,7,8,9,10,11,12,13,14,15,16,17,18,19,20,21,22,23,24,25,26,27
0,iph120006'.JPG,13,2,0.17025220756572354,0.694135513566092,0.4012828770761494,0.26703081826772035,0.1886658550862069,0.1501867890435824,0.09411584749760536,0.08916249939942528,0.05598228234243295,0.04773276438218392,0.04304969912547893,0.04163837911781609,0.03947675827298851,0.03426911978927203,0.033606023116379315,0.0329434722710728,0.02897038588314176,0.024405582898946364,0.023756922798850576,0.023453660322796936,0.021928951471264366,0.02097406794348659,0.016875692120689657,0.0,0.0,0.0,0.0,0.0,0.0
1,iph120007'.JPG,12,2,0.13007517362021398,0.2722435197215251,0.24579702695222008,0.1734057172181467,0.12660408509411195,0.11717482210907337,0.08259867617953669,0.07837775506660233,0.07315056955212354,0.06192566017471042,0.05841991693677606,0.057130175719594604,0.05166058989478764,0.047343259704633205,0.0446417594942085,0.036247810153957526,0.03418073947055984,0.029170730110521233,0.02047609312065637,0.01533373049034749,0.013750253074324323,0.0,0.0,0.0,0.0,0.0,0.0,0.0,0.0
2,iph120008'.JPG,6,2,0.47142706872424234,0.37083089872344505,0.35107577015598085,0.33516656358899516,0.33458679274976083,0.26078715368708133,0.1593530837526316,0.14723600803397127,0.14298674231244018,0.11785682817129188,0.06506285360574163,0.056207395984689004,0.05572466425167464,0.05208588886602871,0.05158787017033493,0.05157028751531101,0.04749044916172249,0.04575205242248803,0.042573574363636374,0.04093376244736842,0.034412552914832535,0.03303958250287081,0.0322416369631579,0.026752611745454544,0.026397998282775118,0.02374330184832536,0.023477365418181816,0.020487271033971296,0.0
3,iph120009'.JPG,8,3,0.1485121757448712,0.14095329484446564,0.11626008166221376,0.09385411066412212,0.08188808897614504,0.07964093224332061,0.07598991621087788,0.07310889741221373,0.057823011107347326,0.05559977523139313,0.05103676862929389,0.044052010864980916,0.04158675033158397,0.03791674102146947,0.036931526978530534,0.03629390639790077,0.036264400895038164,0.035251040940839695,0.03141929560448473,0.031414880510496186,0.030811975432251906,0.029536789304389313,0.025221262404580152,0.02521374872041985,0.02468912906965649,0.023451792503816793,0.0206505760610687,0.0,0.0
4,iph120010'.JPG,14,3,0.15351083970610482,0.6471909000851781,0.3614185172377286,0.2715899061106834,0.25306296457747834,0.18521402108614057,0.09328544841819056,0.06300096839220404,0.059963166617420606,0.043881520373436,0.0384621963946102,0.036573554879692015,0.033135362394128974,0.031238748734359965,0.031134480584215588,0.02987703650048123,0.027973917390279116,0.025703324623195384,0.025613765522617904,0.0249962325919153,0.022943526739172285,0.019939810998075073,0.01854623523387873,0.018122418734841193,0.017536208408084696,0.0,0.0,0.0,0.0
5,iph120011'.JPG,6,3,0.3310893910679365,0.3586403453171429,0.3424118466438095,0.17259312018,0.1545747566357143,0.11282002666095238,0.07725791281571429,0.07215417028428571,0.06729786409809524,0.06195057355476192,0.06178400934666666,0.060193204971904765,0.06002530559142857,0.048306063012380954,0.041132853786666666,0.03972895024809524,0.039588043532857144,0.039549890903333336,0.03775156821904762,0.036432632196666676,0.03553328998047619,0.035035042575714284,0.03177487585190477,0.029382380366190477,0.027656702105238094,0.027207588186190478,0.024506884336666666,0.01931705406761905,0.0
6,iph120012'.JPG,10,2,0.18102316852423667,0.3397671185887405,0.3224188359794848,0.1558595488101145,0.13240863492843516,0.1133016767576336,0.09015130948473282,0.07882594442604962,0.07745720032299619,0.06858822969799619,0.0622519884398855,0.05918024824045801,0.05401362035019083,0.04884352122089694,0.047994761574427475,0.040954593104961835,0.039803480375000005,0.03936013058444657,0.03905084235591603,0.02808932832347328,0.025911809027194654,0.023852120036736642,0.01961480135543893,0.0,0.0,0.0,0.0,0.0,0.0
7,iph120013'.JPG,9,2,0.3376415788097514,0.41404224367304016,0.31314176704349905,0.3104515051376673,0.3027450651343212,0.2800029129698853,0.21388521737237093,0.20168047925095603,0.19153970864388145,0.16154122214196942,0.1499765623532505,0.1097051856830784,0.08882411567208413,0.06498033890344168,0.04867654330114722,0.04701825306931166,0.038226910284416826,0.03792519469933078,0.03302007169741874,0.03139091225669216,0.02769949504923518,0.023972416110898658,0.021328556040152966,0.018287992602772467,0.01775277519120459,0.01742283659464627,0.0,0.0,0.0
8,iph120014'.JPG,16,3,0.034883794762374756,0.10417779730582061,0.05787105717127863,0.04907938544847328,0.04830049607013358,0.04478126934828245,0.04312515361402672,0.04000481805725191,0.039650307322519084,0.0354554053115458,0.03267608064265268,0.03244256204484733,0.030576383861164125,0.02942033450763359,0.028866988940362596,0.028746570862118317,0.027079985093988547,0.025715908479484732,0.02332819263931298,0.022070699104484733,0.02085130370085878,0.02072071376431298,0.01971232849522901,0.0,0.0,0.0,0.0,0.0,0.0
9,iph120015'.JPG,13,3,0.07686238849585685,0.2931416364890371,0.122507511193041,0.1007658035343184,0.06174396145376549,0.05566673428408007,0.04348695582268827,0.04164144057292659,0.041013268498093426,0.03823248998188752,0.036787176961868444,0.035232489137273594,0.03514896929837941,0.033163734964251665,0.03039738941277407,0.030281488841754044,0.02982560294899905,0.026202506363679694,0.024982191484747382,0.02481604463679695,0.024802558107244996,0.02378290077311725,0.02332625032745472,0.023179347428979976,0.020730046153479505,0.0180642577564347,0.0,0.0,0.0
10,iph120016'.JPG,7,2,0.18688720753727892,0.13673549282380953,0.11022839905285714,0.10265843732619047,0.10064079876333334,0.09682503926285714,0.07162364595714286,0.06327722270904762,0.05837952206190477,0.05783123019238095,0.05612367928619048,0.056111946039047615,0.052470078020476194,0.05210473156809523,0.04970093082571429,0.041221996717142856,0.035528736102857145,0.03463384466523809,0.03459583136333333,0.03455594941857143,0.03247745991952381,0.030485480685238098,0.027779603458571427,0.02708735398190476,0.026136722543333334,0.022695684499523812,0.02220806802761905,0.01696533091809524,0.0
11,iph120017.JPG,28,0,0.0,0.024493357939671816,0.024296054300675676,0.02340838175096525,0.023176441965250965,0.022837994518339767,0.022799067313223936,0.022467656423745177,0.020695655412162162,0.020571538652027026,0.020442455466216217,0.01996625524227799,0.01992106698938224,0.01951791297876448,0.019466355231177606,0.01944856108108108,0.018976277028474906,0.018708198540057914,0.018250470089285712,0.017751970299710425,0.01765294144256757,0.017627487645270272,0.017312727767857146,0.01594562605646718,0.01588702684604247,0.01549900003861004,0.015351339676640924,0.0,0.0
12,iph120017'.JPG,24,4,0.006207768310478707,0.05173829782756965,0.03553060490634006,0.0311783854351585,0.030539151282420747,0.02845791468972142,0.028183344636887604,0.024808085736311238,0.02284170440345821,0.022338443552833816,0.022283957348703167,0.02228219100144092,0.021460125991354467,0.021407458895292986,0.020571594911143132,0.020244220829971182,0.019826680019692604,0.019272810761767532,0.019142096570605185,0.019140736308837652,0.018969387569644572,0.01873839664601345,0.018225951744476464,0.01781032017002882,0.01671256424543708,0.016474477130163305,0.0,0.0,0.0
13,iph120018.JPG,28,0,0.0,0.0268396521333652,0.025862736952198852,0.02534391418212237,0.025302327274856595,0.024532226323613765,0.024282356531070744,0.024092936406309752,0.022585923214627147,0.022242580825525812,0.020122891822657744,0.019413217595602293,0.01894875661042065,0.01852050969072658,0.01756776329302103,0.017462471119980876,0.017428665528202675,0.0169789208957935,0.016688162663479923,0.01609502821032505,0.015843799493307838,0.01580643378489484,0.015262313902007649,0.015123144948852774,0.01393127098709369,0.013751776679732314,0.013333767448374763,0.0,0.0
14,iph120018'.JPG,27,4,0.00129311489388725,0.03491410213495575,0.02630409024159292,0.025769997326548676,0.023772765362831856,0.023300828226106192,0.02156655611061947,0.021335752865929203,0.020861148453097344,0.01984897334159292,0.01940254146238938,0.019326537796017697,0.018866814650442477,0.018792775380530972,0.018218772647345133,0.018062994108407077,0.01801989884336283,0.017901636474336284,0.01727300651061947,0.017136856569469026,0.016945860881415926,0.016764650332743367,0.016756377097787614,0.01646866855221239,0.015894417547787608,0.014566213792920354,0.013912358046902655,0.0,0.0
15,iph120019.JPG,26,0,0.009312535625494504,0.2045405310633333,0.03758539519952381,0.028238361844285714,0.027780478142380955,0.02568681344761905,0.02548989673095238,0.024160855754285716,0.023743372705714284,0.02308880526095238,0.021909032501428574,0.02186381699952381,0.021806494177619047,0.021015796819999998,0.020972080213333334,0.020962031929047623,0.02095173535857143,0.020565847307142858,0.020492481230952382,0.02016825005380952,0.020038132873333336,0.01972833584952381,0.018967698586666668,0.018447979660476187,0.01687364022904762,0.016389985653333335,0.01577544647095238,0.015160933846190475,0.015026106053333333
16,iph120019'.JPG,21,3,0.012206978674505008,0.04647008988249286,0.04029802715413891,0.037304390893434826,0.03706401171027592,0.032462191737868705,0.0313857197621313,0.031362121024262606,0.025790411142721216,0.025581723570409137,0.025279717108468127,0.024020477294005707,0.023652985470504283,0.022737168392007612,0.022234636738344433,0.020905586247383444,0.020873782458135107,0.020825082602759278,0.02078815768744053,0.02054044801617507,0.019516223585156988,0.019449165658420548,0.01943688606041865,0.01821754875166508,0.01793393387392959,0.016583337747383443,0.015333497598477642,0.014905706157944815,0.0
17,iph120020.JPG,27,0,0.0011174223724378857,0.030170404055822914,0.02820502686477382,0.023724264080846966,0.023718391503849853,0.022623125540904718,0.021686653122714148,0.02044981804764196,0.02010528719297401,0.019541487507699712,0.019412508844080845,0.018754537276227144,0.018502832418671802,0.018281521148219442,0.017636660287295478,0.017551331666987486,0.01714436164436959,0.01713704060250241,0.017047104381135707,0.017020424947064485,0.016915044707410974,0.016299839052454284,0.01624794228825794,0.015142298823387872,0.013573401071222329,0.01327608004186718,0.0,0.0,0.0
18,iph120020'.JPG,27,3,0.003374464292835224,0.09111053590655105,0.026345741544315994,0.02611936807177264,0.02486510913294798,0.021661468386319844,0.020889990103564546,0.02081659982177264,0.020674858277938347,0.020391887991811176,0.020271912209537574,0.019174788464836227,0.017759920957129093,0.01766278205780347,0.01704806261849711,0.016800849383911368,0.016445472519267822,0.016431717672447013,0.016355461544315993,0.016168257289499038,0.015659268990366088,0.013807152485067435,0.0,0.0,0.0,0.0,0.0,0.0,0.0
19,iph120021.JPG,27,0,0.0013664718873076112,0.0368947409573055,0.028658079340607216,0.028370831068785574,0.025924341127134726,0.02578258940654649,0.025270441056925996,0.02447334237428843,0.02229349710768501,0.02172864229601518,0.021397527980550286,0.021339345615749527,0.0213055896987666,0.021184543961100567,0.020660920820683108,0.019416262853889945,0.019182227182163187,0.01910599619924099,0.01856474862950664,0.01846965210246679,0.01745179300426945,0.017416528607210626,0.017336095593927892,0.01706427827324478,0.0167767840313093,0.014226128442125237,0.013947127529886147,0.0,0.0
20,iph120021'.JPG,26,3,0.002716455940720508,0.040134536126679464,0.03049331833205374,0.029927721748080616,0.027532336648272555,0.025372645669385796,0.02434691441602687,0.02410521220441459,0.023697830653550866,0.02235904041074856,0.022192699428982724,0.021332883551343572,0.02131342886132438,0.020917693904030712,0.020267994969289826,0.019445312120921304,0.018544289452015358,0.017461299694817658,0.01670233661756238,0.01669931895777351,0.016698219496161227,0.016655084605086374,0.015865196252879077,0.01566564097840691,0.014915294227447218,0.014847646153550866,0.014116522719769674,0.0,0.0
21,iph120022.JPG,26,0,0.002431073574183303,0.03234509236842105,0.030862820560344822,0.0261648360376588,0.02587745061116152,0.025128984854355715,0.022519555584845734,0.02087176721823956,0.020493807313974592,0.02010485197413793,0.019999798571234118,0.019914567779945554,0.019860890593012704,0.019685284879310344,0.01933529398049002,0.019041472451451907,0.018828725126588022,0.01863809641923775,0.018005192674228676,0.017996368294918328,0.017723243700998183,0.017716403800816696,0.017142997602994557,0.016887964780399275,0.0167013451261343,0.01591366111887477,0.0,0.0,0.0
22,iph120022'.JPG,26,3,0.004256960955030988,0.07349261684881517,0.037188367981990524,0.028165142384834127,0.02708269636587678,0.02558299483364929,0.02547389177298578,0.025106272639336496,0.02385421558151659,0.02348929291658768,0.022555606155450235,0.021378285161137437,0.02099859162322275,0.020659025096208528,0.020008470163507108,0.0196300890578199,0.019622828737914693,0.018554005002843602,0.018225217072037916,0.01815246910900474,0.017656440145971564,0.01752235591279621,0.01731600046492891,0.016824441156398102,0.01578006862274882,0.01526026688293839,0.0,0.0,0.0
23,iph120023.JPG,28,0,0.0,0.02985345005076628,0.026319426715038313,0.025051539343390807,0.0233061891954023,0.023134069252873563,0.022712047612547893,0.022072334073754786,0.02197810747078544,0.02180386868007663,0.021380754907088125,0.021127764725095786,0.0207148498309387,0.0201794623256705,0.020023998306513406,0.019632160906130267,0.01945953286829502,0.018760906283524906,0.018385019849137933,0.018080638233237547,0.01805464641810345,0.017980460233716477,0.01725359059913793,0.016706132651340994,0.01652772783764368,0.015718537218390807,0.013615522772509579,0.0,0.0
24,iph120023'.JPG,24,3,0.006525473392600574,0.05689904107950191,0.034670874654214555,0.03372602581992337,0.031315419868773946,0.029519423937260536,0.02694095177442529,0.026138851265325672,0.02394713770545977,0.021812500623563217,0.021751718793582377,0.021404641968869726,0.019732123875,0.019437635025862068,0.019164060827107282,0.018280164076149425,0.017830733684865898,0.017584544622126434,0.017193607662356322,0.016537675618773943,0.016469380406609196,0.016175528896072797,0.015061218701628354,0.014779509371168583,0.0,0.0,0.0,0.0,0.0
25,iph120024.JPG,28,0,0.0,0.026918731952919023,0.026632522732109226,0.025783326920903956,0.025260626568738228,0.023487205306967983,0.02304308327448211,0.022380768938794725,0.021154558307438797,0.021081071780602638,0.0203441714519774,0.02020683014689266,0.020088405893596985,0.018649998282015065,0.018144672203860644,0.01809472545150659,0.01760342590913371,0.01717768166290019,0.01690837636158192,0.016607414358286252,0.01656415436440678,0.016040597473163845,0.01557246195715631,0.015562115002354049,0.01533126415960452,0.010894452938794728,0.0,0.0,0.0
26,iph120024'.JPG,26,4,0.002472957655345376,0.03225576270789221,0.03204113633108758,0.02566904311020212,0.02499757134696824,0.022674651765640038,0.021680513952358038,0.021445316248796923,0.021096961298845043,0.021017006961982675,0.021005084198748795,0.02092199390038499,0.02070132492685274,0.019214541272858515,0.01916209399470645,0.01898899988642926,0.018952002819538016,0.01880239799759384,0.018345708870548604,0.01662335247545717,0.01634679949759384,0.016224269362848893,0.015839738149663135,0.01578843227093359,0.0157866099653513,0.014504685711742061,0.01161884957844081,0.0,0.0
27,iph120025.JPG,27,0,0.0012447239949932602,0.033607547864818024,0.02879796806759099,0.021358882469237436,0.02100439056152513,0.020163512938041594,0.019974844965337954,0.01964762885961872,0.01954498757322357,0.019340755328422877,0.019161215191074523,0.01863586924090121,0.01799180443457539,0.01787992500909879,0.017871132090121318,0.017805312652079724,0.017322088630415945,0.01699250875476603,0.01587324300953206,0.015532275649913345,0.015416736205372619,0.015072470981802425,0.013436013300693241,0.013196910405545928,0.0,0.0,0.0,0.0,0.0
28,iph120025'.JPG,26,3,0.005203464889623398,0.10330109879166668,0.03198898833854167,0.02687672318560606,0.024198174997632577,0.02389776815388258,0.023572719669981063,0.023090574644412876,0.022247072529356062,0.02189246749005682,0.021547679084753787,0.020795613846117427,0.01937010892897727,0.018505852892992426,0.01832306691666667,0.017030054820075757,0.016918487515151515,0.01645050366524621,0.016326368011363637,0.015222903640151516,0.014103533807291667,0.013546010082386364,0.013506820236742424,0.0,0.0,0.0,0.0,0.0,0.0
29,iph120026.JPG,28,0,0.0,0.02873965644412607,0.026058571704393504,0.025707673939350525,0.022371997919293216,0.022005060223973257,0.02156629407879656,0.02055189800095511,0.020384267061127028,0.01967556655635148,0.019329965140878702,0.019198784478987586,0.018884860017669532,0.017773229111747852,0.017741131341929322,0.01763891566762178,0.01759149375549188,0.017327183952244512,0.01729313564947469,0.016538205895415475,0.016532961681948424,0.015360282805157593,0.014014403034383952,0.0,0.0,0.0,0.0,0.0,0.0
30,iph120026'.JPG,27,3,0.0013995309005053588,0.037787334313644685,0.028266452317765572,0.026314327295787546,0.02629520988965201,0.023984867297619044,0.022498459380494506,0.021895594036630037,0.02151718676831502,0.021337492413461542,0.02120580959157509,0.021079278375457873,0.020852553474816852,0.019903254489468863,0.019576432473443223,0.01955935360805861,0.01939181500503663,0.01907958659935897,0.018136814453296707,0.018061162560897435,0.017343312554487178,0.016495259807692307,0.01622394656227106,0.01617233826785714,0.015710866455128206,0.015041543819139195,0.0,0.0,0.0
31,iph120027.JPG,28,0,0.0,0.025719144388532112,0.02359174272981651,0.02259584668807339,0.021722743421100917,0.021586868788073397,0.020777153664678902,0.020265747699541283,0.018493931469724775,0.018043766828899084,0.018036214298165137,0.018011721926605506,0.01786917035,0.017796990347247705,0.017760721448165137,0.01762090248394495,0.016889505328899084,0.016695042308715595,0.01668219699587156,0.01600122593715596,0.015661935027064217,0.01503237526743119,0.01455380183761468,0.013972732524311927,0.012953869676146788,0.0,0.0,0.0,0.0
32,iph120027'.JPG,24,3,0.008261258089853394,0.05972090013472221,0.054110019485185186,0.04438012946111111,0.04005914507546296,0.029473741388888888,0.028297713419444447,0.027742522127777777,0.027587776333796298,0.0267424457537037,0.025227534025925924,0.024672738465277778,0.023268126597222223,0.02303598542361111,0.02180463175138889,0.021726776880555555,0.020992086078703703,0.020512415400925924,0.02031687537361111,0.01993164726759259,0.01938270581712963,0.01842802591666667,0.018384028203703707,0.014948832702777777,0.0,0.0,0.0,0.0,0.0
33,iph120028.JPG,26,0,0.0036410751330648037,0.06047190247729379,0.034196050982391105,0.028445096238646893,0.026172204829008346,0.025888402751158477,0.025442111245134378,0.024728270346617242,0.022728332352641337,0.02251389577803522,0.02176108541519926,0.02084660373308619,0.020779227598702505,0.020650761015755324,0.018683669122335496,0.018332653357738645,0.01753217150046339,0.017466410207136233,0.01739368350046339,0.01700736526320667,0.0167169871686747,0.01658129291566265,0.016334605696941614,0.015424991155699723,0.015272762860055605,0.014889129373030583,0.014837291744207599,0.014171599957831325,0.0
34,iph120028'.JPG,24,3,0.0063736644963303815,0.04477299974836906,0.039317180250698976,0.03813474020083877,0.030743027712022367,0.029990275748369058,0.025875110837837837,0.023902497517707365,0.023013315821994406,0.022886678830382107,0.0225455760694315,0.021924465030288907,0.021794663530754894,0.021303970949673814,0.02051480786579683,0.01992573757968313,0.019033380931966448,0.01839520422553588,0.018241006917986954,0.018224866053122086,0.01789394916076421,0.016592452918452932,0.015279931541006521,0.01318328961835974,0.0,0.0,0.0,0.0,0.0
35,iph120029.JPG,28,0,0.0,0.025168116272641507,0.022686412299528304,0.021186867384433965,0.019920735492452827,0.01962036218207547,0.019610021233962265,0.01897078883537736,0.01865905033679245,0.018634602109433962,0.018269166771698115,0.018260642449056605,0.017483560832075473,0.017251167836320754,0.017104428879245282,0.016537449007075475,0.016380958851415096,0.016375548167452833,0.01622010538160377,0.015388744567924528,0.015256964985849055,0.014672014527830188,0.014646142639150943,0.014405276733490568,0.014166971798584905,0.014089743582547169,0.0,0.0,0.0
36,iph120029'.JPG,25,3,0.009023137779501915,0.09725741951772031,0.096640857644636,0.03168016732519157,0.029210051843390802,0.025746170215038316,0.024989487560344827,0.02475617306704981,0.024672471959291186,0.022733384528256708,0.020647262925766283,0.02060186666091954,0.020402487736111113,0.01963926229118774,0.019561257362068967,0.019316915453065138,0.018939037947796937,0.017962866407567047,0.016435924939176248,0.016377514742816093,0.015574996230842913,0.01523077010967433,0.013205254635536397,0.0,0.0,0.0,0.0,0.0,0.0
37,iph120030.JPG,28,0,0.0,0.026433878054545452,0.025407981740191387,0.02450671189425837,0.023820305710526315,0.0232753470354067,0.022137196662679427,0.021774314263157894,0.019911028846889948,0.019330911573205743,0.01672218502679426,0.016409906460287085,0.016378455079425838,0.01636928169569378,0.016139920409569377,0.016082242761722487,0.015897576887559807,0.015608128033014356,0.015470562770813398,0.01508303294641148,0.01492320596889952,0.014565572707655504,0.01422323659138756,0.013885983605263157,0.01352698383014354,0.013229882089473686,0.0,0.0,0.0
38,iph120030'.JPG,28,3,0.0,0.02714486123083779,0.02605051963101604,0.022774357540106954,0.022199813491087347,0.02216268744117647,0.02204940833600713,0.0219052205271836,0.021509630631461676,0.019774956697415327,0.01962120698752228,0.01951675096657754,0.019082357176024956,0.018950181343582884,0.018937602668449197,0.018912266124777182,0.018208678266934047,0.017597983350267382,0.017537199168003566,0.017026963151960787,0.01697641795409982,0.016613031679590017,0.01580457273618538,0.01527331576604278,0.015144977345811052,0.015129082591800356,0.013408679326203207,0.0,0.0
39,iph120031.JPG,26,0,0.002615723854136084,0.035712617059160304,0.03229620314837787,0.02879263943082061,0.027602505027671753,0.02233255588692748,0.021829778483301525,0.02139330759303435,0.019153775515267174,0.018951156047709923,0.01876745916364504,0.01856185216841603,0.018507185962309162,0.017647893697519082,0.017643372341603052,0.01691036116984733,0.016720734885019083,0.0158467605009542,0.015758249480438934,0.015344773308683205,0.01501762992652672,0.014870948540076335,0.014804909461354963,0.014757163369274807,0.0,0.0,0.0,0.0,0.0
40,iph120031'.JPG,26,3,0.018421224875265818,0.40318255244756906,0.07576929430934223,0.02710224332554814,0.025597489598188753,0.021543059026692086,0.020574658924690185,0.020438885554814108,0.020298378659199232,0.020097684329837943,0.019928764964251666,0.019811511645853198,0.01930270817588179,0.018688199696377503,0.016822999527645377,0.01628209137940896,0.016000292640610106,0.015823408014299333,0.014785395787893233,0.014596220266444233,0.014487651631553862,0.014390819707340324,0.014077012927550047,0.0,0.0,0.0,0.0,0.0,0.0
41,iph120032'.JPG,23,3,0.01256700835811594,0.1333894340352381,0.04791738465999999,0.04443023460952381,0.03304366989238095,0.03026046903952381,0.027314080449523808,0.02564094831,0.022145914182380953,0.02172455878142857,0.02155781864904762,0.02134105130190476,0.021232178777142854,0.02019687219285714,0.020166111483333336,0.019577496813809526,0.019215150718095236,0.018704877480476192,0.018453059920000004,0.017129272381428574,0.017100147281428574,0.016871986913809523,0.01510179193952381,0.0,0.0,0.0,0.0,0.0,0.0
42,iph120032.JPG,27,0,0.0011922367625356123,0.032190392588461535,0.025403751148076924,0.024672161316826924,0.022784705564903848,0.022177617988461535,0.021826192486057695,0.021803201396153847,0.021756132809615383,0.02130112138942308,0.021232469150480767,0.019870366153365383,0.019815973826442308,0.01961832102259615,0.019151250730288463,0.01898142495480769,0.018738588063942307,0.018563108545673078,0.01855291868317308,0.016357724125961537,0.015827025465384614,0.015555746944711539,0.015418618607692308,0.015186177819230769,0.014496979260096153,0.014454680846153846,0.013908416439903848,0.013836257038942307,0.0
43,iph120033'.JPG,23,3,0.007820681932986677,0.04167797311863592,0.035463085366954854,0.03438463658405379,0.03421087319932758,0.034139116189721416,0.024155552301633045,0.023929556260806915,0.023853270863592704,0.02182128421469741,0.02168566507925072,0.020966760880403456,0.020661292574447647,0.01994696335926993,0.019847366765609987,0.018404124315081653,0.018214831666666667,0.01778684436215178,0.017456217134005764,0.01708991040585975,0.016914285296349665,0.016484323824687803,0.014982639011047068,0.0,0.0,0.0,0.0,0.0,0.0
44,iph120033.JPG,27,0,0.0011902773879310347,0.032137489474137935,0.029361639014367818,0.028694251561302682,0.027833416110153258,0.024882071487068967,0.022847612410440612,0.021631447673850574,0.021162493215996166,0.020960857292145592,0.019967118671455942,0.019666945573275866,0.019133121984674328,0.01877923801676245,0.018758370470306512,0.018744202018199235,0.018569915142241378,0.018070950789272035,0.018041160000478926,0.01767751616762452,0.0173125715210728,0.017129378104885056,0.016920914156130267,0.016599912111111108,0.0,0.0,0.0,0.0,0.0
45,iph120034'.JPG,27,4,0.0014194708863297081,0.03832571393090212,0.02831760069913628,0.02757298920057582,0.024674118225527827,0.02420218760412668,0.02370508630614203,0.023585682523992325,0.02342375645777351,0.022579949745681383,0.022119873010076774,0.022009583844049902,0.02081363177159309,0.02044680825,0.020017682363243763,0.01905166099616123,0.016772862715451056,0.01630657332965451,0.01580254624712092,0.015447790250479846,0.015270065122360843,0.015146641276871401,0.014022096190978887,0.012065391798944338,0.012057100749520154,0.0,0.0,0.0,0.0
46,iph120034.JPG,25,0,0.006401631496858237,0.09101640178831419,0.03857203129118774,0.03045235434195402,0.028820181052681994,0.02810735706130268,0.02704255342624521,0.025690291340038317,0.024750073338122604,0.024470261872605363,0.022953313399904213,0.02249160213984674,0.022148365134578542,0.0220191750704023,0.02170114344683908,0.02141938384099617,0.021150980132662835,0.020936122243295018,0.020832828643199235,0.02055278307758621,0.020139136712643675,0.019925185393199235,0.019242370923371648,0.015821595533524906,0.0,0.0,0.0,0.0,0.0
47,iph120035'.JPG,27,4,0.003983453554773583,0.10755324597888674,0.029944523051343572,0.027620886302783112,0.026158249226487525,0.022505636393953934,0.02140988011324376,0.02089142541890595,0.020642532384836855,0.02063466582821497,0.019697367600767755,0.018635034930422262,0.01768379181477927,0.01759934584740883,0.017404296659788866,0.017073102846928985,0.015458020785508633,0.014951642411228405,0.014276009650191938,0.01399067649712092,0.013902244102207294,0.013477635108445298,0.013373102221209214,0.0,0.0,0.0,0.0,0.0,0.0
48,iph120035.JPG,27,0,0.0011513686175908219,0.031086952674952192,0.027408887768164438,0.026844116950764822,0.026575253270554496,0.02574634538001912,0.02380023680879541,0.023564978841300193,0.023457145671128107,0.023032605313097514,0.021992644102294456,0.02133739379923518,0.021211116029636712,0.02093897547227534,0.02088215254780115,0.020775057306883365,0.019863867439770557,0.01985598161950287,0.019747052829349902,0.01937795327103251,0.018932804767208412,0.01874653759464627,0.018051957449330785,0.017420752094168258,0.017347660357552582,0.0161606647041109,0.0,0.0,0.0
49,iph120036'.JPG,25,3,0.005167627655903846,0.05853645100769231,0.039885301517307695,0.03076893887259615,0.02867912894567308,0.027040704423076923,0.026985174179326922,0.026408636870673075,0.025572108825480767,0.02493313224278846,0.023737395110576924,0.02339251239855769,0.021789910002403847,0.021707351910096154,0.021362715236538463,0.02092752183365385,0.019598474989903848,0.01956608494855769,0.01946159525673077,0.017839798925961537,0.015654677783653845,0.015501128123076925,0.01507434106778846,0.01420746747451923,0.013589287969711539,0.010966582064423079,0.009994606984134615,0.0,0.0
50,iph120036.JPG,27,0,0.0016464257377877393,0.04445349492026896,0.02915929080451489,0.026612842846301634,0.02533036482084534,0.022921109255523535,0.02218010998751201,0.02169510373823247,0.021349909542267047,0.02112699634101825,0.020718369785782897,0.02061746183525456,0.020527524146974063,0.020369028790585976,0.019912909212295868,0.019492522711815563,0.01922208982324688,0.019139784885206533,0.019051043338136404,0.01880512019596542,0.018331078059558116,0.01805515092074928,0.017941075384245917,0.017491542840057637,0.017127909481268015,0.01697189914217099,0.016059177357348707,0.015857700462536022,0.0
51,iph120037'.JPG,26,3,0.0025613199708222813,0.03557559528735633,0.03101872395402299,0.02790548897461686,0.0257981829789272,0.024884960544540233,0.023498774018199234,0.023434196308908046,0.02234281302203065,0.022073847343869732,0.02165450930651341,0.020179834590517243,0.020032885499999997,0.020006795350095787,0.01967203122988506,0.01801064192624521,0.017897151626915707,0.0167962723855364,0.01612362527969349,0.015613528302203064,0.01556287803927203,0.014277899894157087,0.014228872287356321,0.011963732284961686,0.0,0.0,0.0,0.0,0.0
52,iph120037.JPG,23,0,0.007480742508769068,0.04068332278283302,0.034835802766885554,0.03353121107317074,0.03153195216604127,0.03147478891275798,0.02984418032879925,0.028004635461538464,0.027866863604596625,0.02714850801360225,0.026768254678236396,0.026631984970919325,0.02401930354878049,0.023869988719043153,0.02314093370684803,0.022502839424484056,0.02125973591322702,0.020449612169324578,0.019719151375703563,0.01931231945403377,0.0181862517706379,0.01802272582410882,0.01752215032035647,0.017254974524390242,0.017046635508442775,0.016857314433864914,0.01640793352251407,0.016145387277204503,0.0
53,iph120038'.JPG,26,3,0.002832216833199533,0.041322701586337766,0.03231493607685009,0.02988627887144213,0.027707159392789376,0.027220669795066415,0.026033401481499054,0.025210992327324478,0.02238234137760911,0.0222123989800759,0.020549414217267553,0.020524147079222014,0.018575954037476278,0.018378333003795065,0.018020598334440228,0.017217192281783682,0.017053471610056926,0.016904008071157495,0.01579778233444023,0.014191630083491464,0.01382072594686907,0.01372443172390892,0.012771079956831119,0.010051791002846299,0.0,0.0,0.0,0.0,0.0
54,iph120038.JPG,26,0,0.0029039511490203877,0.04029393838016917,0.0352087914943609,0.02680953885150376,0.025827675726973684,0.025817707749530076,0.024489910641917294,0.02315111067481203,0.023062709425281953,0.022916354806860904,0.02217087047368421,0.021781614430451127,0.02042170389003759,0.019924619733552633,0.01989857513580827,0.019149519360902253,0.018541720608082707,0.017831466205827068,0.01775313763157895,0.017688016905075186,0.016099072399906017,0.01529838898637218,0.014736339992951129,0.014571130878289474,0.011947263909774436,0.0,0.0,0.0,0.0
55,iph120039'.JPG,27,3,0.0011125204978130513,0.030038053440952384,0.025198354062857146,0.024641439863333333,0.02358744193047619,0.022808111964285716,0.022248983457142855,0.02176347028285714,0.021719020405714287,0.021649497291428572,0.021219402043333332,0.020409183473333335,0.020394417845714285,0.019759206477142854,0.019387204310476195,0.019034955870476187,0.018310451898571427,0.01745020389238095,0.01733424181190476,0.016504650288571426,0.015545674155238094,0.015428934606190478,0.015278819136190475,0.015243367293809524,0.014639821593333335,0.014261190076666668,0.013806914666666665,0.01205088143714286,0.011306225739999998
56,iph120039.JPG,26,0,0.0036315675293444563,0.0639100156228407,0.030510740140115164,0.026342009084452975,0.023584116560940498,0.021218894849328217,0.02050191746017275,0.020069355350287907,0.01999987963147793,0.019799441790786947,0.019751095097888676,0.019292693038867565,0.018331430181381957,0.018037366320057584,0.01741054600815739,0.01658700132725528,0.016366934577735123,0.01617943694865643,0.015594990076775433,0.015189431414107484,0.014807130656429943,0.014637642215451054,0.014349287766794625,0.01356489594721689,0.013117973178982726,0.0,0.0,0.0,0.0
57,iph120040'.JPG,27,4,0.0020476638186139383,0.05528692310257634,0.027864967177958017,0.025368024077767174,0.023118659990458014,0.02253565183730916,0.02216126794274809,0.02157959086593511,0.021255662093988548,0.02047114786068702,0.019504234032919846,0.0168485926245229,0.016201908852099236,0.016149755353053435,0.015783140284351148,0.015177564344465648,0.014864354811068702,0.014429060417938932,0.013070213384541987,0.012965864293893127,0.012378138512404583,0.01227119676145038,0.011356405833492365,0.011027073476622138,0.010372089707061069,0.010327684596851145,0.0,0.0,0.0
58,iph120040.JPG,25,0,0.00384729846637788,0.033964471716129034,0.03166713428479263,0.030550855658525347,0.027979027794470045,0.02509275362672811,0.02406549710921659,0.023881121722119817,0.022743771941935484,0.02109559847741935,0.020993904285253457,0.020726519150230414,0.020637513031797235,0.020459497805069123,0.02014667926267281,0.020102056985253455,0.020087982223041475,0.01954841226359447,0.019517733508294933,0.01947887767788018,0.018436091022119818,0.01689037347511521,0.016336498516589863,0.016171222457142857,0.015985895542857145,0.0,0.0,0.0,0.0
59,iph120041'.JPG,28,3,0.0,0.029261610237191652,0.0277366525256167,0.027281249783206833,0.02708027771157495,0.026909895940702085,0.024830745765180264,0.024587040065464895,0.024063258814990517,0.023984800341081594,0.02307406835721063,0.022555981465370023,0.021767108711574952,0.020581202319734343,0.020168799660341557,0.019683010598197343,0.019586891430265655,0.01892630753178368,0.018470847888519923,0.016729717788899433,0.016347062222011387,0.014276124556451612,0.012163433726280835,0.0,0.0,0.0,0.0,0.0,0.0
60,iph120041.JPG,27,0,0.0013132169128890177,0.03545685664800348,0.02732816654253472,0.027087565864583333,0.02674554382638889,0.02253438952864583,0.02246829130425347,0.021489123743923613,0.021127518700520834,0.020609804546006947,0.019974734667100695,0.01959531956293403,0.019017582003906252,0.018984858700086805,0.01894676005295139,0.01882824516623264,0.018446136000868054,0.018208992463541667,0.01795271062369792,0.01761331518055555,0.01746374239626736,0.016350119470052084,0.015971168084635418,0.015874251010416666,0.015753459899305558,0.015474792659288195,0.01467091099392361,0.014210517255642362,0.0
61,iph120042'.JPG,26,3,0.002556258993321379,0.03592910200666032,0.03053363181969553,0.028654519820171264,0.026305861506184587,0.024599182363463368,0.02296949119980971,0.021357847970504284,0.02111910791103711,0.01932965864081827,0.019229269153187442,0.019127716585156992,0.01877426008991437,0.01874857442530923,0.018743319865842056,0.018612294134633684,0.018454913724072312,0.01758865638820171,0.017102921588487155,0.017084702020932447,0.015516323889628925,0.015494175037583253,0.015193108814938155,0.013743860183158896,0.013052376852045671,0.0,0.0,0.0,0.0
62,iph120042.JPG,26,0,0.0035498588321191825,0.05723248106238779,0.03506384857271096,0.02902429824281867,0.028399212118491925,0.027616924893177738,0.026668373873877913,0.025188394921454218,0.024420685672351884,0.022363698802962295,0.022086966073159787,0.02176669330206463,0.01972845959156194,0.019414663466786358,0.018794308671903053,0.018675709416068224,0.01854300897621185,0.01828953136938959,0.017993050438061042,0.01785259963330341,0.017267160676840216,0.017145657666517055,0.016992546193895872,0.01659427586131059,0.016377788650807898,0.016053798688958707,0.015227543070017951,0.014676449480251347,0.0
63,iph120043'.JPG,28,4,0.0,0.02885409434743346,0.027416708798003803,0.02506540139211027,0.02465445965446768,0.02437964912737642,0.02414263205798479,0.023430720921102658,0.023007469457224337,0.022766807674904944,0.021724143010456276,0.021723796389258556,0.019011153003326998,0.018881606981939164,0.018223468869296582,0.018141762773764256,0.017298578828422055,0.017181261999524716,0.01673294150427757,0.015193769548479088,0.014902831116444866,0.01415535474001901,0.014073751951520913,0.011426735159695818,0.0,0.0,0.0,0.0,0.0
64,iph120043.JPG,26,0,0.0026130610625,0.035106366838129496,0.0328332207868705,0.025596875056205035,0.02416053752922662,0.023390066498201443,0.0223919180256295,0.020945374568345325,0.020167263617356115,0.019544879802607912,0.018870263994604314,0.018839549410071946,0.01831912055980216,0.01821773267086331,0.017336670678057553,0.017014048064748204,0.01683237917625899,0.01678772737320144,0.01637461370593525,0.016338578448741006,0.01576871671672662,0.014881298771582735,0.013271315719874102,0.0,0.0,0.0,0.0,0.0,0.0
65,iph120044'.JPG,26,3,0.004602979867296766,0.08572216166998106,0.03395531487973484,0.024197490093749996,0.023587826114583335,0.02278527736931818,0.02261084320501894,0.022268781561079545,0.021694566111742426,0.020350147953598487,0.01900410830160985,0.018601542928977272,0.018091526726799242,0.01795183596969697,0.017916731527935603,0.01732396103835227,0.017244806747632572,0.016099397512784094,0.014775021446022728,0.013728367201231061,0.013723454388731062,0.0,0.0,0.0,0.0,0.0,0.0,0.0,0.0
66,iph120044.JPG,27,0,0.001248504179136512,0.033709612836685825,0.02611857572461686,0.02409804410440613,0.022034006349616858,0.021508889498084292,0.020584501417145597,0.01964293777538314,0.019319522770593872,0.019266112692528734,0.018919423972222217,0.017493837653256704,0.017457446690134097,0.01737087381992337,0.017248267104406127,0.016421858555076628,0.01640210886111111,0.01633119967480843,0.016178784185344828,0.015583646653256704,0.015227241300287356,0.014753321519636015,0.014399438367337165,0.014398333239463603,0.013855045188218392,0.013371692767241379,0.012792029659961684,0.0,0.0
67,iph120045'.JPG,25,3,0.014992559022380954,0.2481258009957143,0.08658948620190478,0.04009868836190476,0.02645914915190476,0.02587575519333333,0.023839203602857142,0.023693342202857143,0.023433629079999997,0.02320927473619048,0.023128890628095238,0.022680030096666665,0.02175158650666667,0.021641252673809525,0.01692093055047619,0.01659556665761905,0.015514025628571428,0.015483544672380953,0.013847858330952381,0.012825266008571428,0.012463126557619046,0.012419954968571428,0.0,0.0,0.0,0.0,0.0,0.0,0.0
68,iph120045.JPG,28,0,0.0,0.02960915858789238,0.027285630920627805,0.026931449821973097,0.026058593149775783,0.02558106893766816,0.022759426531390133,0.022550350141255608,0.022408019957399102,0.021919008588340807,0.020291294797309418,0.019200033510313904,0.018719749994170407,0.01844117257264574,0.01837957634484305,0.017478501329596413,0.01714949976681614,0.016996462120627803,0.016833133687892375,0.016699936332735425,0.015545945987892378,0.015347781703587445,0.015243045816143498,0.012522229120179371,0.012079128325112109,0.0,0.0,0.0,0.0
69,iph120100.JPG,15,1,0.46808516869182565,0.8995955629456106,0.8722200197604961,0.8262479248664122,0.7136339571908397,0.6979497274995229,0.6655740124188931,0.5399115380042939,0.4709768917643129,0.4418679915930343,0.41365278369799624,0.4096658011459923,0.03883259281631679,0.031148726673664123,0.029149040712786258,0.02816990195419847,0.028004949084923667,0.027782527395038167,0.02491867596851145,0.023043381528148856,0.0227708157504771,0.02088236831822519,0.0,0.0,0.0,0.0,0.0,0.0,0.0
